{
  "id": 27,
  "title": "Partes de la casa  - Color Match",
  "topic": "partes de la casa ",
  "level": "A2",
  "exercise_type": "color_match",
  "content": {
    "title": "Fiche coloriage - Parties de la maison",
    "activity_type": "color_match",
    "items": [
      {
        "word": "cuisine",
        "color_label": "cuisine",
        "color_hex": "#1d4ed8"
      },
      {
        "word": "chambre",
        "color_label": "chambre",
        "color_hex": "#ef4444"
      },
      {
        "word": "salon",
        "color_label": "salon",
        "color_hex": "#22c55e"
      },
      {
        "word": "jardin",
        "color_label": "jardin",
        "color_hex": "#f59e0b"
      },
      {
        "word": "bain",
        "color_label": "bain",
        "color_hex": "#a855f7"
      },
      {
        "word": "garage",
        "color_label": "garage",
        "color_hex": "#06b6d4"
      },
      {
        "word": "entrée",
        "color_label": "entrée",
        "color_hex": "#f97316"
      }
    ],
    "image_url": "data:image/svg+xml;utf8,%3Csvg%20xmlns%3D%27http%3A//www.w3.org/2000/svg%27%20viewBox%3D%270%200%201200%20630%27%3E%0A%3Cdefs%3E%3ClinearGradient%20id%3D%27g%27%20x1%3D%270%27%20y1%3D%270%27%20x2%3D%271%27%20y2%3D%271%27%3E%0A%3Cstop%20offset%3D%270%25%27%20stop-color%3D%27%231d4ed8%27/%3E%3Cstop%20offset%3D%27100%25%27%20stop-color%3D%27%230ea5e9%27/%3E%3C/linearGradient%3E%3C/defs%3E%0A%3Crect%20width%3D%271200%27%20height%3D%27630%27%20fill%3D%27url%28%23g%29%27/%3E%0A%3Crect%20x%3D%2748%27%20y%3D%2748%27%20width%3D%271104%27%20height%3D%27534%27%20rx%3D%2724%27%20fill%3D%27rgba%28255%2C255%2C255%2C0.12%29%27/%3E%0A%3Ctext%20x%3D%2780%27%20y%3D%27180%27%20fill%3D%27white%27%20font-size%3D%2744%27%20font-family%3D%27Arial%2C%20sans-serif%27%3EFrench%20Exercise%20App%3C/text%3E%0A%3Ctext%20x%3D%2780%27%20y%3D%27260%27%20fill%3D%27white%27%20font-size%3D%2768%27%20font-family%3D%27Arial%2C%20sans-serif%27%3Epartes%20de%20la%20casa%3C/text%3E%0A%3Ctext%20x%3D%2780%27%20y%3D%27330%27%20fill%3D%27white%27%20font-size%3D%2734%27%20font-family%3D%27Arial%2C%20sans-serif%27%3EType%3A%20exercise%3C/text%3E%0A%3C/svg%3E"
  },
  "image_url": "data:image/svg+xml;utf8,%3Csvg%20xmlns%3D%27http%3A//www.w3.org/2000/svg%27%20viewBox%3D%270%200%201200%20630%27%3E%0A%3Cdefs%3E%3ClinearGradient%20id%3D%27g%27%20x1%3D%270%27%20y1%3D%270%27%20x2%3D%271%27%20y2%3D%271%27%3E%0A%3Cstop%20offset%3D%270%25%27%20stop-color%3D%27%231d4ed8%27/%3E%3Cstop%20offset%3D%27100%25%27%20stop-color%3D%27%230ea5e9%27/%3E%3C/linearGradient%3E%3C/defs%3E%0A%3Crect%20width%3D%271200%27%20height%3D%27630%27%20fill%3D%27url%28%23g%29%27/%3E%0A%3Crect%20x%3D%2748%27%20y%3D%2748%27%20width%3D%271104%27%20height%3D%27534%27%20rx%3D%2724%27%20fill%3D%27rgba%28255%2C255%2C255%2C0.12%29%27/%3E%0A%3Ctext%20x%3D%2780%27%20y%3D%27180%27%20fill%3D%27white%27%20font-size%3D%2744%27%20font-family%3D%27Arial%2C%20sans-serif%27%3EFrench%20Exercise%20App%3C/text%3E%0A%3Ctext%20x%3D%2780%27%20y%3D%27260%27%20fill%3D%27white%27%20font-size%3D%2768%27%20font-family%3D%27Arial%2C%20sans-serif%27%3Epartes%20de%20la%20casa%3C/text%3E%0A%3Ctext%20x%3D%2780%27%20y%3D%27330%27%20fill%3D%27white%27%20font-size%3D%2734%27%20font-family%3D%27Arial%2C%20sans-serif%27%3EType%3A%20exercise%3C/text%3E%0A%3C/svg%3E",
  "ai_model": "perplexity",
  "created_at": "2026-02-10T14:52:20.777157",
  "item_type": "exercise",
  "display_title": "Partes de la casa  - Color Match"
}